[{"title": "新时代一流课程建设：机遇与挑战", "organizer": "华南理工大学教务处,教师教学发展中心,数学学院", "introduction": ""}, {"title": "如何撰写体育科学论文", "organizer": "华南理工大学体育学院", "introduction": ""}, {"title": "我爱你 中国——瞿琮艺术教育漫谈", "organizer": "华南理工大学教务处,教师教学发展中心,艺术学院", "introduction": ""}, {"title": "新工科体系下课程与教材的建设改革", "organizer": "华南理工大学教 务 处,教师教学发展中心,机械与汽车工程学院", "introduction": ""}, {"title": "生命科学一流本科人才培养模式的探索与思考", "organizer": "华南理工大学教 务 处,教师教学发展中心,生物科学与工程学院", "introduction": ""}, {"title": "新工科建设与基础力学教学改革", "organizer": "华南理工大学教 务 处,教师教学发展中心,土木与交通学院", "introduction": ""}, {"title": "牧课（慕课），需要我们重新认识", "organizer": "华南理工大学教 务 处,教师教学发展中心,土木与交通学院", "introduction": ""}, {"title": "以学生为中心教学的理念、方法与策略——从关注知识传授到\n重视学生能力、创造力与综合素养的提升", "organizer": "华南理工大学教务处\n教师教学发展中心\n自动化科学与工程学院", "introduction": "学生能力培养的重要性；以学生为中心的能力培养内涵；如何\n针对具体课程进行能力的培养，包括教学理念、教学设计要素、\n活动组织与流程、教学方法、策略与评价。通过以上讲座帮助\n教师了解如何设计和组织以学生为中心的教学，帮助学院各部门\n了解如何支持以学生为中心的教学。"}, {"title": "在线金课建设与“混合+翻转”教学应用模式与建议", "organizer": "华南理工大学体育学院", "introduction": ""}, {"title": "课堂互动的实践与思考", "organizer": "华南理工大学教 务 处\n教师教学发展中心\n公共管理学院", "introduction": "如何进行自然和有效的课堂互动是青年教师上课时经常遇到的挑战。围绕课堂互动主题，主讲人将结合课堂实践和教学比赛培训实践，从”为什么要课堂互动；什么是真正的课堂互动；以及如何进行互动\"三个方面来交流对于课堂互动的思考。"}, {"title": "香港城市大学联合培养博士研究生项目的相关介绍", "organizer": "华南理工大学生物医学科学与工程学院", "introduction": "香港城市大学是香港一所公立研究型大学。在泰晤士高等教育世界大学排名（2013-2014）中，城大位于世界第201-225位，亚洲第20-30位，香港第4位；在2014年上海交大发布的中国两岸四地排名中,城大位于第13位，香港地区第4位。城市大学是华南理工大学构建的全球核心伙伴之一。自2014年来，城大与华南理工在电信、土木、工商、法律、材料等多个领域有定期开展师生交流以及探讨建立联合研究中心，奠定了良好的合作基础。依托教育部“香港内地师生交流计划”以及学校“海外名师讲授学分课程计划”，“研究生赴港澳知名高校计划”以及“本科卓越和创新班赴港交流”等多个资助项目，2014年至今华南理工邀请城大教授5人来校讲授全英学分课程，邀请城大学生来校交流超过150人次，派出本校学生（含本科和研究生）赴城大交流约170人次。"}, {"title": "如何提高在国际知名审稿期刊上发表论文的机会", "organizer": "华南理工大学物理与光电学院", "introduction": "所有重要的研究成果，首先需要在国际知名审稿学术期刊上获得发表，才能够得到交流、共享并获得研究同行的认可。本讲座主要针对希望在国际顶级学术期刊上发表论文以及了解学术出版最新进展的研究人员和研究生。\n在过往的一二十年间，随着科学研究和交叉学科的快速发展，以及新的出版技术和思想的不断进步，科学出版在技术以及概念方面的发展日新月异。而研究界对此进展的了解往往滞后。许多投稿的论文往往是在编辑部预审阶段就被退稿，甚至没有机会与同行审稿人见面。\n讲座将着重介绍学术出版的若干最新进展；写作论文和投稿的要点；如何答复期刊编辑和审稿人；科学研究和出版伦理；以及开放获取和政策等。\n希望讲座能够帮助大家更好地了解学术出版并在国际期刊上成功发表自己的研究论文。同时，也与大家分享英论阁学术院（Enago Academy）在学术出版方面的独到见解与实践，帮助大家更好地发表自己的研究论文。"}, {"title": "英文学术写作的教学", "organizer": "华南理工大学教 务 处,教师教学发展中心,材料科学与工程学院", "introduction": ""}, {"title": "在线金课建设与混合教学应用", "organizer": "华南理工大学教 务 处,教师教学发展中心,材料科学与工程学院", "introduction": ""}, {"title": "北京大学的基础物理实验教学与改革探索", "organizer": "华南理工大学教 务 处\n教师教学发展中心\n物理与光电学院", "introduction": ""}, {"title": "英语学术论文写作（针对学生）", "organizer": "华南理工大学材料科学与工程学院", "introduction": ""}, {"title": "英语学术写作的教学（针对教师）", "organizer": "华南理工大学材料科学与工程学院", "introduction": ""}, {"title": "科教协同培养化类创新人才的实践", "organizer": "华南理工大学教务处\n教师教学发展中心\n化学与化工学院", "introduction": ""}, {"title": "美国大学教学质量保障体系研究", "organizer": "华南理工大学教 务 处\n教师教学发展中心\n轻工科学与工程学院", "introduction": ""}, {"title": "如何成为杰出青年科研老师", "organizer": "华南理工大学生物医学科学与工程学院", "introduction": ""}, {"title": "教学工作者的职业道德修养", "organizer": "华南理工大学教务处,教师教学发展中心,医学院", "introduction": ""}, {"title": "基于科研创新实践能力的本科生培养模式", "organizer": "华南理工大学教务处,教师教学发展中心,食品科学与工程学院", "introduction": ""}, {"title": "“上好一门课”——关于工科课堂教学的一些思考", "organizer": "华南理工大学教 务 处,土木与交通学院", "introduction": "“上好一门课”是全国高校青年教师教学比赛的理念，也是广大教师在课堂教学上的努力方向。报告人荣获第四届全国高校青年教师教学竞赛工科组一等奖（第一名），报告人进行课堂教学示范，同时介绍全国教学比赛准备过程中的心得体会，以及如何在工科教学设计和教学过程中实践“价值塑造、能力培养、知识传授”的教学理念。"}, {"title": "RSC期刊论文发表：浅析论文写作与审稿流程", "organizer": "华南理工大学材料科学与工程学院", "introduction": "英国皇家化学会 (Royal Society of Chemistry， RSC）是全球领先的化学学术团体，致力于推动化学科学的卓越发展，出版了许多在化学领域具有相当权威的期刊，包括Chemical Science, ChemComm, Chemical Society Review, Energy & Environmental Sciences, Journal of Materials Chemistry等近40余种。其中，“化学前沿”（Frontiers）系列是英国皇家化学会（RSC）的一次重要合作，由中国化学会（CCS）与RSC共同创办，并与国内顶级院校合作发行。系列期刊包括 Materials Chemistry Frontiers，Organic Chemistry Frontiers， Inorganic Chemistry Frontiers以及，是由中国化学界主导，并面向国际的高影响力化学学术期刊。本报告介绍RSC的期刊，特别是Frontiers期刊的出版情况。通过实际范例解析，介绍论文写作方面的提示，并详细介绍审稿模式、稿件处理的各个环节及注意事项。"}, {"title": "新工科与一流本科建设", "organizer": "华南理工大学教 务 处\n教师教学发展中心\n材料科学与工程学院", "introduction": ""}, {"title": "过程教学与学习方法探讨", "organizer": "华南理工大学教务处\n教师教学发展中心\n数学学院\n", "introduction": ""}, {"title": "研究型大学物理本科教育的几点体会", "organizer": "华南理工大学逸夫科学馆报告厅", "introduction": ""}, {"title": "研究式教学模式与教研论文写作探索", "organizer": "华南理工大学教务处\n教师教学发展中心\n数学学院", "introduction": "本报告分为两部分。首先简要介绍近10年来对本科生和研究生采用的研究式教学模式，分析该教学模式的特点与优劣。其次，分享这种教学模式对深化理解教学内容的作用，并通过分析5篇教学研究论文的写作过程来具体介绍教学心得。"}, {"title": "浅谈苏俄的数学", "organizer": "华南理工大学教务处\n教师教学发展中心\n数学学院", "introduction": "主要介绍自己在俄罗斯留学工作期间对高校数学教育的一些所见所闻，简单回顾近百年来苏联数学蓬勃发展的历史，介绍苏联学派的形成和发展，探索从俄罗斯叶卡捷琳娜二世到70年代的苏联数学蓬勃发展的原因，同时向大家介绍一些隐藏在著名数学家背后的故事。"}, {"title": "如何成为一名优秀的体育教师", "organizer": "华南理工大学体育学院", "introduction": ""}, {"title": "基于课堂教学的线上线下混合式教学", "organizer": "华南理工大学教务处\n\n教师教学发展中心\n\n物理与光电学院", "introduction": "介绍胡其图教授团队近年来在上海交通大学开展的基于课堂教学的线上线下混合式教学，涉及到课堂教学、网络辅助教学和MOOC浏览测试等教学环节，其中以大学物理课程的教学内容为例重点介绍线下教学内容的设计、线上教学内容的设计、信息技术与课堂教学的融合、在线开放课程内容选择与设计、多样评价和过程跟踪的考核方式等内容。"}, {"title": "思想政治教育学科的历史发展和前沿问题", "organizer": "华南理工大学土木与交通学院\n第三届全国高校土木工程专业学生工作论坛理事会", "introduction": ""}, {"title": "“双一流”背景下创新人才培养的教育教学改革与实践", "organizer": "\n教 务 处\n教师教学发展中心\n生物科学与工程学院", "introduction": ""}, {"title": "略谈美国大学数学本科教育", "organizer": "华南理工大学教 务 处\n教师教学发展中心\n数学学院", "introduction": "以美国 Department of Mathermatical Sciences in the University of Alabama in Huntsnille为例，简单介绍美国数学本科教育的概况，并与大家讨论中美在这方面的共同点及差异。"}, {"title": "课程、教材与在线开放课程深度融合的建设思考与实践", "organizer": "华南理工大学教 务 处\n教师教学发展中心\n物理与光电学院", "introduction": ""}, {"title": "近期多元教育教学经验分享：MooC（慕课）等创新课程实践与思考", "organizer": "教 务 处\n教师教学发展中心\n电子与信息学院", "introduction": ""}, {"title": "高校教学的有效性及其评定", "organizer": "华南理工大学教 务 处\n教师教学发展中心", "introduction": ""}, {"title": "国标时代下工程教育专业认证的新要求", "organizer": "华南理工大学教 务 处\n教师教学发展中心", "introduction": ""}, {"title": "近期多元教育教学经验分享：MooC（慕课）等创新课程实践与思考", "organizer": "华南理工大学教 务 处\n教师教学发展中心\n电子与信息学院", "introduction": ""}, {"title": "探索思想政治理论课研究型教学中的热点难点", "organizer": "华南理工大学工商管理学院", "introduction": ""}, {"title": "浅谈研究生应重视思维能力的培养", "organizer": "华南理工大学国际教育学院", "introduction": ""}, {"title": "探索通信与信息工程专业课堂教学的改革", "organizer": "华南理工大学电子与信息学院", "introduction": ""}, {"title": "环境工程微生物学", "organizer": "华南理工大学环境与能源学院", "introduction": ""}, {"title": "无疆界工作坊: 房地产教育中的跨城市与跨学科协作学习环境实验", "organizer": "华南理工大学土木与交通学院", "introduction": "工程管理及房地产的课程，需要建立在跨领域的知识，例如投资分析、建筑技术、管理理念、法律研究等学科的理解之上。因此，“房地产研究”要求教学人员和学生在社会和经济发展中, 以及在全球范围内, 对不断变化的环境具备相应的知识。这次“无疆界工作坊: 房地产教育中的跨城市与跨学科协作学习环境实验”主要分享香港大学房地产与建设系的老师如何为学生提供一系列的模拟情景, 按顺序展开实际的房地产开发和施工管理流程，并鼓励学生应用和整合他们从其他传统课室学习的课程, 如管理学、法律、经济和建筑技术, 以解决与城市发展有关的现实问题。"}, {"title": "大学数学教育研究", "organizer": "华南理工大学数学学院", "introduction": ""}, {"title": "新工科与机械基础教育教学", "organizer": "华南理工大学机械与汽车工程学院", "introduction": ""}, {"title": "《Nature》论文撰写及开放研究", "organizer": "华南理工大学图书馆", "introduction": "（一）《Nature》发行的各个期刊有什么不同？ （二）为什么开放研究越来越重要，以及开放研究将如何帮助您 1. 提升研究质量 2. 提升研究对其他科研人员的价值 3. 提升研究的影响力 （三）如何写出更加清晰易读的文章，怎样让你的文章更易被发表，进而让你的文章更有可能改变世界"}, {"title": "以科学的网络安全观建设好网络空间安全专业学科", "organizer": "华南理工大学研究生院", "introduction": "为实施国家安全战略、加快网络空间安全高层次人才培养，国务院学位委员会和教育部于2015年6月联合发文成立了网络空间安全一级学科，其主要研究方向分为安全基础、密码学及应用、系统安全、网络安全和应用安全五个方面，五个学科方向形成了层次化的基础知识体系。信息安全保障体系是一个复杂巨系统，必须从复杂系统的观点，采用定性到定量的综合集成方法，追求整体效能。依据系统工程方法论的观点，信息安全不能简单地采用还原论的观点处理，必须遵循“木桶原理”，注重整体安全。信息安全学科有其独特的方法论，与数学或计算机科学等学科的方法论既有联系又有区别，包括观察、实验、猜想、归纳、类比和演绎推理，以及理论分析、设计实现、测试分析等，综合形成了逆向验证的方法论。本次报告以中国可信计算革命性创新为例，对科学的网络安全观做了说明，并对加强网络空间安全学科专业建设、争创一流网络安全学院提出建议。"}, {"title": "浅谈教学工作对于教师基本素养的要求", "organizer": "华南理工大学教务处;华南理工大学教师教学发展中心;华南理工大学化学与化工学院", "introduction": ""}, {"title": "电子信息类本科专业创新能力培养体系的构建与实践", "organizer": "华南理工大学教务处;华南理工大学教师教学发展中心;华南理工大学电子与信息学院", "introduction": ""}, {"title": "学术论文写作指导", "organizer": "华南理工大学环境与能源学院", "introduction": "讲座将介绍什么是学术论文；如何写好一篇逻辑清晰，简洁明了的高水平学术论文；初学者写学术论文过程中常见问题分析及对策；以及常见写作方法介绍。"}, {"title": "慕课课程开发和视频案例教学", "organizer": "华南理工大学教务处;华南理工大学教师教学发展中心;华南理工大学公共管理学院", "introduction": ""}, {"title": "提高课堂教学质量的体会", "organizer": "华南理工大学教务处;华南理工大学教师教学发展中心;华南理工大学电子与信息学院", "introduction": ""}, {"title": "我们需要什么样的数学课？", "organizer": "华南理工大学教务处;华南理工大学教师教学发展中心;华南理工大学数学学院", "introduction": ""}, {"title": "创新资源驱动大学数学信息化教学建设", "organizer": "华南理工大学教务处;华南理工大学教师教学发展中心;华南理工大学数学学院", "introduction": ""}, {"title": "澳洲大学本科教学方法漫谈：以“环境监测”的课堂教学研究为例", "organizer": "华南理工大学教务处;华南理工大学教师教学发展中心;华南理工大学环境与能源学院", "introduction": ""}, {"title": "像费曼那样并辅以批判性思维进行物理教学", "organizer": "华南理工大学教务处;华南理工大学教师教学发展中心;华南理工大学物理与光电学院", "introduction": ""}, {"title": "分析学教学的点点滴滴", "organizer": "华南理工大学教务处;华南理工大学教师教学发展中心;华南理工大学数学学院", "introduction": ""}, {"title": "加拿大本科教育的经验", "organizer": "华南理工大学教务处;华南理工大学教师教学发展中心;华南理工大学机械与汽车工程学院", "introduction": ""}, {"title": "工程专业评估（认证）中教师的角色与课程要求", "organizer": "华南理工大学教务处;华南理工大学教师教学发展中心;华南理工大学土木与工程学院", "introduction": ""}, {"title": "论学术锻炼对青年学生认识事物的重要性", "organizer": "", "introduction": ""}, {"title": "“抑郁症的产生原因及治疗”心理知识培训讲座", "organizer": "", "introduction": "系统梳理精神病学的发展史并介绍发展过程中主要经历的三次革命，介绍抑郁症的产生原因及国外主要的治疗理论和诊断方法，并讨论目前科技手段在抑郁症治疗中的应用和发展，提出未来抑郁症研究的新趋势。"}, {"title": "优秀青年人才的成长与发展 ", "organizer": "", "introduction": "陈巍教授将结合自身经历，与大家分享青年教师成长与发展的经验，并就青年教师高层次人才计划申报、高水平论文发表以及人才培养等相关内容与老师们进行现场交流。"}, {"title": "“永远的榜样——雷锋”主题报告会", "organizer": "中国传媒大学马克思主义学院 ", "introduction": "（1）新时期为什么还要学雷锋 \n（2）解读雷锋——八张名片：苦难雷锋、快乐雷锋、爱美雷锋、先锋雷锋、哲学雷锋、永生雷锋、现象雷锋、世界雷锋 \n（3）从中华民族传统文化看雷锋，雷锋精神与中华民族传统美德息息相关 "}, {"title": "提高教学质量的三个环节——教学大纲、教学活动和教学评价", "organizer": "教师发展中心", "introduction": ""}, {"title": "为Photoshop布道：通过技术传播组装数字文化 ", "organizer": "", "introduction": "随着个人电脑的出现和二十世纪80年代以来面向消费者的软件产业的爆炸性增长，软件布道师已成了数字媒体文化中的一个关键实践。该术语（即software evangelist）的使用要追溯到苹果电脑销售部门的盖伊•川崎（Guy Kawasaki），最早是他将该词的宗教意涵用以指称一种热情的行为：“它[布道]是销售的最纯粹和最狂热的形式，因为你销售的是梦想，而不是有形的物品。”尽管现在“布道师”仍被一些公司用作正式的岗位名称，但是，这个术语已经常被用来描述因热爱软件而向他人推广软件之设计与使用的任何人（Borreguero et al. 2015）。 \n 传统上，学者对软件设计师和软件用户做了区分，但是，软件布道师的出现，使这一区分变得更为复杂，因为软件布道师是“有权力的用户”，通过他们的评论和演示可以确保一款软件产品的成功。一些学者承认，他们类似创业者的形象对于数字媒体社交网络的重要性，但是，这种思路将他们作为英雄般的个体加以呈现，而很少关注建构了技术想象及其“扩散的政治”（Beer 2013）的权力关系。确切地说，要问的是，软件布道师对软件的热忱多大程度上对与软件本身并无直接关联的象征价值秩序进行了再调解（remediate）。 \n 本讲座以软件布道现象为主要研究对象，将沿着以下两个思路展开： \n 1. 像培训手册、网站、在线授课视频这样的媒体形态如何将软件布道师与软件纳入其中？ \n 2. 软件布道师的形象是否经由他/她所热衷的软件范畴之外的想象而来？如果是，那么又是如何赋予这种形象以象征权力？ \n 基于文化传记（cultural biography）的研究方法（Lesage 2015），勒萨日教授正在对过去25年来Adobe Photoshop的软件布道师进行研究，本次讲座将呈现其截至目前的研究发现。 "}, {"title": "高校微课程设计制作与应用 ", "organizer": "教师发展中心 ", "introduction": "1、认识微课程。 \n       2、微课程的设计与教学构成 \n       3、微课程的教学模式——翻转课堂 \n       4、高校微课程的实践与探索 "}, {"title": "Prezi入门和快速制作 ", "organizer": "教师发展中心 ", "introduction": "针对Prezi软件，介绍其基本功能，并通过手把手带做典型Prezi实例，现场体验prezi制作全过程，让被培训老师能够完成并掌握一个结构完整、包含多种媒体形态的prezi课件。 \nPrezi是个云端的演示文稿制作软件，使用者既可以在Prezi网站上在线创建编辑，也可以在客户端（Windows、Mac、ipad、iphone）上离线编辑制作。Prezi采用故事板（storyboard）格式让演示者可以缩放图片，通过快捷的动画演示关键点。Zooming User Interface（缩放式用户界面）的特点是界面可缩放，zoom out就能纵观全局，zoom in则可以明察细节。实现了由整体到局部的Mindmap的开放性思维方式。除了平移和缩放，用户需要制作文档时既可以选择使用该网站收集的模版和主题，也可以完全自由创作。Prezi可以任意插入你想展现出来的各种图片、视频、Youtube视频、PDF文件、PowerPoint文件，甚至更多你想展现的其他内容；可以多人在线编辑，生成的演示文稿既可以在本地观看，也可以上传到服务器或嵌入网页在线查看。除在线演示功能外，Prezi还支持文档离线编辑或演示，也支持即时会议协作功能。 \n 注    意：请前来参加讲座的老师，携带笔记本电脑，并自行安装Prezi软件，以方便现场操作实践。 "}, {"title": "慕课——教育创新的探索 ", "organizer": "教师发展中心 ", "introduction": ""}, {"title": "国际学术期刊平台的应用策略与投稿指南", "organizer": "", "introduction": "为加强广大科研师生对Web of Science的深入了解，同时提升大家对国际期刊投稿与写作的策略，文科科研处特举办专场讲座，邀请汤森路透的培训专家以具体的研究课题为例，讲解如何利用国际学术期刊平台进行科研发现和选刊投稿，助力教师科研发展。\n 欢迎广大教师前往参加！"}, {"title": "International Academic Publishing", "organizer": "中国传媒大学文科科研处、国际传媒教育学院、传媒高等教育国际联盟秘书处", "introduction": "SAGE国际出版集团于1965年在美国创立，是世界第五大学术出版商，也是世界排名前二位的社科期刊出版社，享有极高的学术出版声誉。在新闻与传播学方面，SAGE出版了42种传播学与媒体相关领域的同行评审期刊，在该领域的学术出版位列世界第一。其拥有庞大的高质量电子期刊和电子书数据库。旗下拥有亚当马修（Adam Matthew）历史珍稀档案数据库，包含中国文化与社会、大众观察档案在线等，为国际学术研究的全球化、科学化与本土化作出了重要贡献。 "}, {"title": "应对冲突——学会在冲突中成长  ", "organizer": "", "introduction": "《生活教育》这门课程原名为“站立在门槛上的年轻人”（“Youth on the Threshold of Life”简称YTL），最初创立于匈牙利，受到欧盟的大力支持及推广。2005年引入中国，2006年开始成为北大正式选修课程。《生活教育》是一门内容丰富、设计非常完整的课程，无论是对教师自身还是学生都是非常有益的，当一个人选择长期始终如一地做正确的事情，哪怕遇到困难也不改变，就能培养出良好的品格。一个人开始有意识地培养好品格永远都不早，也永远不迟。决心做正确的选择，努力培养好品格，对你成功度过大学阶段至关重要。 \n人际关系对于我们生活的满足和质量至关重要，所以我们需要理解并练习一些良好沟通的基本原则，使这些冲突不会对我们及我们的人际关系产生负面的影响。人际关系和沟通中巨大挑战的原因之一是我们每个人都各不相同，大部分冲突的产生仅仅是因为我们都是独一无二的，与我们生命中的其他人都不同，如男人和女人的基本差异（《男人来自火星，女人来自金星》）。冲突的解决需要先从自己这方面入手。如果是对方做错了事呢？如果你看重对方以及你们的关系，就要说出来。虽然忽略问题看起来容易一些，或者避免让对方丢面子更“安全”，表现出你愿意帮助对方成长其实是更尊重对方的行为。这也表明，你重视和对方的长远关系，对方对你来说很重要，所以你才甘愿克服困难来维护你们的关系。冲突不是坏事，只是我们需要知道如何处理！“关系越深，就越可能发生冲突。” \n\t“通过共同解决冲突，关系中的两个人会更加成熟。” "}, {"title": "社会科学前沿", "organizer": "", "introduction": " 课程性质：全校性跨学科前沿讲座，2013—2014学年第二学期博士生课程\n 课程简介：本课程立足社会科学基础理论，跟踪国内外研究动态，邀请学界重量级权威和新锐学者，就社会和学术重大热点问题进行精辟分析，就如何在学术的基础上展现思想深度、在专业的研究中关注社会重大问题进行范式般的精彩展示，以求拓宽博士生的学术视野，提高博士生的思考能力，引导博士生对学术和社会的重大问题进行积极主动的深入思考与研究。\n\t在课程的整体规划上，本着“执守学术深度，拓展社会广度，关照人文温度，彰显传媒力度”的原则，诚邀各学科顶级专家共商主讲专题，努力把本课程打造成一个社科名家讲座的品牌课程，使听课的学生在领略各学科名家风采的同时能够在学术和思想上都获得切实的收获。\n 课程安排：单周周一下午1：40-4：30上课。（任何授课时间变动、临时调整，会在微信平台第一时间通知。）\n 微信公共平台：14级博士社科前沿课（微信号：shekeqianyan）\n 课程流程：每次讲座以主讲人的最新研究成果为主题，事先在微信公共平台公布讲授内容。课堂共有四个环节，一是课前由主持人简要介绍主讲人情况，二是主讲人讲授（2个小时左右），三是学生与主讲人的互动交流，四是主持人点评。"}, {"title": "“健康从心开始”讲座", "organizer": "校工会", "introduction": "健康是永恒的主题，为了进一步提高教职工健康生活的意识，普及心血管疾病的科学预防与自救方法，提高防病能力，减少疾病的发生，校工会特邀请北京安贞医院心内科副主任刘梅颜博士来我校举行“健康从心开始”知识讲座。\n“健康从心开始”，从心理到生理切入分析心血管健康问题及预防和治疗的方法 \n 机会难得，可现场咨询，直接得到专家解答，欢迎广大教职工前来参加。 "}, {"title": "科教融合与大学教师发展", "organizer": "中国传媒大学教师发展中心", "introduction": ""}, {"title": "第三届学术节闭幕式暨颁奖典礼", "organizer": "", "introduction": "《传者》交流环节\n\t本次学术节闭幕式暨颁奖典礼，将特别设置《传者》期刊的交流环节。中传《传者》期刊，是为广大中传研究生学子提供的学术交流平台。它的成长，需要你的参与！来到现场，你就可以做主你自己的学术期刊！\n\t如果你对《传者》不够了解——来到现场，你可以免费获赠最新出炉的《传者》杂志和往期《传者》杂志，可以倾听来自《传者》编辑部的工作者的声音，可以发现一个崭新的学术平台\n\t如果你对《传者》颇为喜爱——来到现场，你可以一睹小编们的真容，与《传者》编辑部共同交流心得，还可获取提高中标率的意见哦\n\t如果你对《传者》有诸多不满——来到现场，你可以匿名犀利提问，也可以当场大抒不快。我们会将你的意见听进心里，融进期刊里\n\t如果你也想创办杂志、如果你有论文写作独家秘笈、如果你有学术干货想要分析……都欢迎你来到现场，为我们共同的《传者》建言献策\n \n 盘点：你想要的这里都有\n\t看点一：一睹校、院研会真容\n\t也许你经常参加校内各大讲座与活动，却对背后的组织者们一无所知；也许你常因不能获知一手信息而错过了经精彩的比赛；也许你对研究生会有所耳闻，也想加入其中。当晚，校研究生会及各学部研究生会都将相聚现场，与你一起分享研会的成长。\n\t看点二：与大咖一起聚焦学术前沿\n\t错过了开幕式论坛的学术争锋？没关系！在闭幕式上，开幕式上受聘的学术节顾问们，将再次来到现场，与你一起分享最前沿的学术思想，让你在学术节的最后，再享受一次学思大餐。\n\t看点三：为你自己的学术期刊发声\n\t中传《传者》期刊，是为广大中传研究生学子提供的学术交流平台。它的成长，需要你的参与！如果你对《传者》不够了解，如果你对《传者》有诸多不满，或者你对创办一本学术期刊，有自己的想法……都欢迎你来到现场，为我们共同的杂志建言献策！\n\t看点四：三人行，必有我师\n\t颁奖典礼上，本次征文大赛的获奖者将就论文的写作经验进行发言。从他们的身上，也许你能学到些写论文的特殊技巧。\n\t看点五：福利满满\n\t凡是当晚前来参加闭幕式暨颁奖典礼的同学，都可获赠最新出炉的《传者》12月刊哦！在活动现场踊跃提问表现的同学，还有机会获得小奖品！快约上小伙伴，一起来参加吧！\n \n 学术节闭幕式｜议程\n\t第一项：第三届学术节活动及第十一届研会总结\n\t第二项：分学部（院）研会代表精品学术活动展示\n\t第三项：第三届学术节嘉宾顾问代表发言\n\t第四项：宣布论文征文大赛获奖名单\n\t第五项：颁奖典礼\n\t第六项：征文大赛一等奖代表发言\n\t第七项：中国传媒大学研究生学刊《传者》介绍，及与读者进行交流。采纳改版意见\n\t第八项：研究生会秘书长总结发言"}, {"title": "英语思维是怎样炼成的", "organizer": "", "introduction": ""}, {"title": "从媒介汇流看新闻呈现的新趋势", "organizer": "", "introduction": "世新大学开设课程： \n 开设有「多媒体新闻」、「互动新闻文本写作」、「小世界网络组实作」、「数位文本产制与管理」、「媒介与社会变迁」、「报刊图文写作」、「广告学」、「网络广告营销」、「移动媒介广告」、「数位互动广告文案写作」、「中国新闻史」、「西方新闻史」等相关课程。\n\t \n 另：台湾世新大学在台湾以实务著称，有台湾的“广院”之称，其学生在台湾业界备受欢迎，台湾媒体业近三分之一从业者出自世新大学。\n\t    对台湾感兴趣同学，想了解台湾的教育环境，想交换的同学都可以来听本次讲座和老师交流。李明哲老师为人谦和、风趣，在世新大学学生中有着较高人气，被评为学校“四大护法”之一。老师也希望多和大家交流。"}, {"title": "传媒学子的就业、成长、成才、成家 ", "organizer": "中国传媒大学理工学部研究生会 \n中国传媒大学就业指导中心 ", "introduction": "继2007年10月29日中国传媒大学精彩讲座之后，傅勇老师将再次以“失败”的“经验”为题，落实团中央关于“促进青年创业就业，青少年校外教育”的工作要求，与小伙伴们共同分享“成长、成才、成家”的青春之路。 \n 现场我们将特邀中国电建集团在京单位优秀团青干部和团员青年，与同学们现场交流、互动。为终将毕业或即将毕业的你答疑解惑，面对面的分享他们的成功经验…… "}, {"title": "外语学科的现状与发展 ", "organizer": "", "introduction": ""}, {"title": "日本的汉语教学与汉语教学中的若干语法问题", "organizer": "", "introduction": ""}, {"title": "搜索引擎——搜索改变生活", "organizer": "", "introduction": "网络搜索成为日常行为，但你是否具备真正的搜索意识？\n\t各类搜索引擎琳琅满目，但你是否掌握准确的选择运用？\n\t搜索改变生活，从这堂课开始。本讲座通过对搜索引擎的全方位介绍，让你建立搜索意识；通过google等搜索引擎检索实例，向你展示基本检索、高级检索及搜索命令的运用技巧，并对目前流行的搜索引擎google/baidu/bing/360/搜狗等进行比较，快速提升获取有效信息的实际能力。"}, {"title": "中文数据库及中文信息源", "organizer": "", "introduction": "足不出户，坐拥百万论文？\n\t鼠标在手，浩瀚书海畅游？\n\t期刊论文及图书是文献调研的重要内容之一，全面准确地获取期刊论文及图书将大大提高研究工作的效率。本讲座通过实例介绍国内主要的中文数据库及中文信息资源，如CNKI、万方、超星读秀学术搜索、百度学术搜索、google学术搜索等的检索方法与技巧，并对不同数据库间的搜索结果进行对比。"}, {"title": "如何进行开题前的文献调研", "organizer": "", "introduction": "“文献调研”是课题立项以及研究生论文开题前一项极为重要的工作，通过深入、全面的文献调研工作，可以了解最新的研究进展和最重要的研究成果。本讲座以管理学学科为例，介绍文献调研的过程、实用技巧和工具，以及如何对所调研到的文献进行分析与管理。"}, {"title": "如何使用Word美化你的论文", "organizer": "", "introduction": "如何点几个按钮就让您的论文层次分明？\n\t如何让章节复杂的学位论文快速生成目录索引？\n\t如何用最短的时间让您的论文格式更加专业更加符合要求？\n\t本讲座通过实例介绍Word的一些实用技巧，帮助你提高制作论文时的效率和规范性，让你的论文呈现更加完美的视觉形式。靠自己，完全没问题！"}, {"title": "搜索引擎——文献管理与信息分析工具应用搜索改变生活", "organizer": "", "introduction": "如何用图形来组织和表达您的发散性思维？MindManager为您创建知识管理和思维的可视化表达，让您更容易和他人进行知识的分享。您如何去收集和管理大量的外文文献，从中挖掘有效的知识？Histcite帮助您进行外文文献索引分析，迅速掌握某一领域的文献历史发展，发现关键研究和关键学者。对于中文文献的收集和管理，NoteExpress可以助您一臂之力，让您的科研更上层楼。"}, {"title": "图书馆新生入馆教育专题讲座", "organizer": "", "introduction": "您是新生吗？\n\t您还不知道图书馆有啥宝贝吗？\n\t您想了解“海底捞”式的大学图书馆的服务吗？\n\t您有木有对图书馆的疑问？\n\t针对以上问题，图书馆专门举办新生专场讲座，从馆藏图书到电子资源、由借阅权限到规章制度，授课老师将会全方位的带领同学们认识我们的“大阅城”！"}, {"title": "“激励发现，推动创新”——利用Web of Science助力科研发展", "organizer": "", "introduction": "Web ofScience是世界上最有影响力的科研发现数据库平台，主要包含SCI（科学引文索引）、SSCI（社会科学引文索引）、A&HCI（艺术人文引文索引）和CPCI（会议录引文索引）等重要引文数据库；几乎覆盖所有学科，具有强大的引文检索功能和分析功能。除作为文献检索工具，还被广泛用于科研成果的评价。 \n\t为了帮助我校科研人员和广大师生更全面地了解和应用Web of Science，我校文科科研处特举办专题讲座。并邀请汤森路透集团的培训专家以具体的研究课题为例，为大家介绍如何应用Web of Science解决科研工作和学习过程中的问题。 \nØ 如何利用Web of Science进行科研选题？ \n\tØ 如何利用Web of Science发现研究领域的起源、发展和创新？\n\tØ 如何利用Web of Science探索和跟踪研究前沿，激发研究思路？ \n\tØ 如何利用Web of Science锁定高产出的科研人员和机构，寻找高效的科研合作伙伴？ \n\tØ 如何科学管理并有效利用多年来积淀的科研信息和资料？ \n\tØ 如何利用Web of Science和JCR选择最合适的国际期刊进行投稿？ \n\tØ 如何快速准确对参考文献进行增、减、删修改，减少因为格式问题导致的退稿？\n\t【Web of Science平台网址】www.webofscience.com \n\t(自9月22日起开通试用，数据库地址也可登录图书馆主页lib.cuc.edu.cn查看，校园IP内直接访问)"}, {"title": "马陆亭教授 “从家庭迈向社会”", "organizer": "中国传媒大学", "introduction": "讲座正文内容主要分为四部分：识读大学、了解社会、结构化成才和多元化体验。"}, {"title": "中央党报年轻人的媒体融合试验——以学习小组、侠客岛为例", "organizer": "中国人民大学新闻学院", "introduction": "主讲人：陈振凯，人民日报海外版记者部副主任、望海楼专栏主编；学习小组、侠客岛的主要负责人之一，欢迎互动名词点击：学习小组 侠客岛        学习小组和侠客岛是由人民日报海外版的几位年轻编辑记者于2014年2月底创办的微信公众号。这两个公众号从创立之初，就积极开发全报社的年轻编辑记者资源，人民日报驻全国甚至全世界的记者都是平台的优质作者。凭借对所驻地区的情况的熟稔，他们往往能够写出深入解析当地状况、还原事件真实的报道和文章。        学习小组文如其名，专注于解读习近平总书记的讲话和活动。无论是轰动一时的“习奥瀛台夜话全纪录”，还是引起广泛关注的“跟习大大去出访”系列，或是对习近平关于具体问题看法的梳理，学习小组一出手，舆论场上必有回响。        侠客岛则以“拆解时政迷局”为己任。在侠客岛，每个作者都以一个武侠式的笔名出现，如“东郭栽树”“独孤九段”等，这些笔名所对应的作者，各有特色，有人善于条分缕析式的分析和说理，有人善于挖掘材料背后的故事，这些特色，逐渐为读者们所熟悉，给了读者们层出不穷的新话题与新风格。        主讲人陈振凯即为最初创办侠客岛的五位高手之一的“东方秋白”。本周五的讲座，陈振凯将以学习小组、侠客岛为例谈谈中央党报年轻人的媒体融合试验。"}, {"title": "复兴的中国奋斗的我们", "organizer": "武汉大学珞珈论坛", "introduction": ""}, {"title": "如何通过互联网公司的面试", "organizer": "暨南大学新闻与传播学院", "introduction": "讲座流程1、主讲人与嘉宾分别作主题演讲2、主讲人与嘉宾对谈：如果让95后做Uber的CEO会怎样？3、回答同学提问,面对面交流机会"}, {"title": "一个编辑眼中的好论文", "organizer": "暨南大学新闻与传播学院", "introduction": ""}, {"title": "青年学者学术规划：从研究选题到体系建构", "organizer": "暨南大学新闻与传播学院", "introduction": ""}, {"title": "教育全媒体运营策略", "organizer": "暨南大学新闻与传播学院", "introduction": ""}]