[{"title": "阴阳与和谐理论", "organizer": "华南理工大学国际教育学院", "introduction": "本讲旨在从四个面向阐释中国阴阳哲学与和谐之间的关系。首先是探讨阴阳两个基本概念的意义，其次提出阴阳的特征与哲学的应用，接着讨论阴阳与和谐之间的关系，最后解释制理阴阳变化的中道之法。希望能从学术与应用的角度对阳哲学与和谐两个概念得到基础性的理解。"}, {"title": "阴阳与和谐理论", "organizer": "华南理工大学国际教育学院", "introduction": "本讲旨在从四个面向阐释中国阴阳哲学与和谐之间的关系。首先是探讨阴阳两个基本概念的意义，其次提出阴阳的特征与哲学的应用，接着讨论阴阳与和谐之间的关系，最后解释制理阴阳变化的中道之法。希望能从学术与应用的角度对阳哲学与和谐两个概念得到基础性的理解。"}, {"title": "华东师范大学亚洲马克思主义传播研究所揭牌仪式 暨第一届“亚洲马克思主义传播”学术研讨会", "organizer": "华东师范大学亚洲马克思主义传播研究所", "introduction": "马克思主义始终随着时代前进，与各地改造世界的行动相结合，形成特色不同的理论传统与实践道路。同时，各国马克思主义者又结成相互支援、携手斗争的共同体。亚洲马克思主义传播研究的理论意义在于打捞、激活、继承和延续这一传统，从个别掌握一般，在统一里寻求自主。通过各国研究者与实践者的交流与研讨，重新发掘和凝望这个由亚洲进步运动所开辟的空间——一个共同反抗帝国主义压迫和寻求解放的空间。\n2008年全球金融危机以来，世界范围内多层次矛盾的凸显，使得更多的人重新认识到马克思对资本主义的批判与洞见。寻求民族统一与亚洲和平的未来，绝不能没有马克思主义视野与各地人民进步运动的声音，研究亚洲马克思主义传播具有高度的现实意义。\n为此，由华东师范大学传播学院主办，华东师范大学马克思主义传播研究所承办的“亚洲马克思主义传播”学术研讨会将于2018年11月17—18日在上海华东师范大学闵行校区举行，同时为新成立的华东师范大学亚洲马克思主义传播研究所举行揭牌仪式。"}, {"title": "19世纪机器与社会互动的哲思", "organizer": "中国传媒大学马克思主义学院", "introduction": ""}, {"title": "超越自我：我的哲学观与科学传播理念", "organizer": "中国传媒大学教务处", "introduction": ""}, {"title": "“博士后论坛”第203讲——新媒体时代新闻与女性问题关系的研究", "organizer": "人事处博士后办公室 ", "introduction": "女性在新闻中的形象，女性运用新媒体引导新闻话语等问题在各种具有影响力的新闻事件中浮现，比如2015年北京地铁哺乳事件，2016年女生节校园标语事件，2016年明星柳岩被“闹伴娘”事件等。本讲座旨在推动新闻与女性问题关系研究，分析、理清这些问题。 "}, {"title": "我为什么是我——生命的轨迹", "organizer": "", "introduction": "每个人都是独一无二的，我们如此的不同，需要思考我为什么是我？《我为什么是我——生命的轨迹》讲座是帮助我们从成长的经历中找到自己的独特之处。通过对自己原生家庭的了解，对成长过程的梳理，帮助我们从过去的创伤中带出来，认识真正的自己！了解自己才会真正了解别人，与自己和好，才能学会与别人和谐相处，活出最好的自己！\n 我们邀请你本周四晚上（3月9日）6:00-8:00，与婚姻家庭咨询师何威老师一同来梳理生命成长的轨迹，一起来学习爱，一起来经历爱！  "}, {"title": "龙血玄黄：华夏的大传统原型", "organizer": "", "introduction": "大传统理论是国内文学人类学一派近年提出的新理论，适用于中国文化的深度研究和创新认识。《周易》是传世古籍中神秘色彩最重的卜筮之书，其中充斥着来自史前文化大传统的神话和信仰内容。如何解读《周易》中神话和信仰内容？怎样理解汉字小传统与玉礼器大传统之间的关系？如何将中国文化研究真正落实到五千年延续不断的文化总体中？叶舒宪教授将通过求解《周易·坤卦》“龙血玄黄”神话之谜，为我们一一揭开“谜底”。"}, {"title": "鼎天鬲地 受命北疆——北京从这里开始", "organizer": "", "introduction": "一、“鼎天鬲地•厚德育人——3060进高校”巡展活动介绍 \n\t为贯彻落实中共中央办公厅、国务院办公厅《关于进一步加强和改进新形势下高校宣传思想工作的意见》和国务院新颁布的《博物馆条例》的相关精神要求，积极培育和践行社会主义核心价值观，发挥高校博物馆文化育人功能，服务高校宣传思想工作，扩大高校博物馆对社会文化的影响力、辐射力，同时利用北京高校博物馆平台大力宣传展示北京3000余年历史文明和城市文化，弘扬社会主义核心价值观，鼓励大学生从传统文化中汲取道德和智慧，培养敢于创新、勇于担当的时代精神，为实现中国梦提供人才保障和智力支持。 \n\t由北京市文物局、北京市教育委员会主办，北京高校博物馆专业委员会、北京高校博物馆联盟承办，北京市西周燕都遗址博物馆、中国传媒大学传媒博物馆协办的“鼎天鬲地•厚德育人——3060进高校”巡展于2015年5月8日在中国传媒大学传媒博物馆正式启动。巡展活动到2015年11月末结束历时半年，赴北京大学、清华大学、人民大学等近20所高校进行巡回展出。。随后，展览将在北京大学、清华大学、人民大学等近20 所在京高校进行巡回展出，巡展期间还将举办“‘纪念北京建城活动’卡通形象创意大赛”和“北京从这里开始”系列讲座等文化活动。 \n\t 此次巡展活动还得到中国传媒大学播音主持艺术学院的大力支持，学院挑选近20名播音主持专业优秀学生担当巡展的志愿讲解员。这些志愿讲解员将赴首都各高校为广大师生提供专业巡展讲解服务，并在首都博物馆举办的“鼎天鬲地受命北疆——纪念北京城建城3060年”主题展览担任讲解员，为首都市民及来自全国、世界观众提供专业讲解服务。 \n \n\t二、“鼎天鬲地 受命北疆——北京从这里开始”主题讲座： \n\t2015年是北京建城3060年，为发掘北京的城市精神与人文特点，弘扬社会主义核心价值观，  \n\t“鼎天鬲地 受命北疆——北京从这里开始”文化讲座，通过介绍3000多年前燕国先辈受王朝分封，来到祖国最北部边疆，白手起家、开疆拓土的创业经历，展现了古代北京的起源文化与先辈自强不息的拼搏精神。希望同学们在充分学习理论知识的同时能更多了解传统文化的起源与发展，了解现实社会的文化基础，学会担当大国国民乃至强国公民的社会责任。 "}, {"title": "隐喻只限于语言学意义吗？当代具身认知研究对人类道德行为的新诠释——清洁的道德隐喻效应和一项反生产行为的实验研究 ", "organizer": "中国传媒大学经济与管理学院、MBA学院 ", "introduction": "     我们的道德行为是理性吗？ \n     你相信自己在短时间内道德行为就会不一致吗？ \n     你相信洗手可以洗去罪恶感吗？ \n     人类的道德判断和行为有没有我们还未知的一面？ \n     近年来，来自前沿认知科学——具身认知的研究将告诉你关于道德行为令人吃惊的实验证据和新的诠释！ \n     欢迎大家参加这个学术研讨，让我们在交流互动中，在审视宗教学和人类学对道德具身性认识的基础上，进入当今科学探索的最前沿——道德具身认知及其在管理学上的研究，一睹我们自身道德行为中还未知的秘密。 "}, {"title": "批判学派、精英政治及新马克思主义在美国 ", "organizer": "清华大学新闻与传播学院", "introduction": "讲座介绍本次讲座为“马克思主义与当代媒介化社会系列讲座”第三场，由清华大学马克思主义新闻学与新闻教育改革研究中心主办。本系列讲座旨在“融会贯通中外优秀思想文化，探讨马克思主义在全球的新发展”。"}, {"title": "《马克思主义新闻观十二讲》的编写背景、思路及其理论框架与知识体系", "organizer": "华东师范大学传播学院", "introduction": ""}, {"title": "虚实之间：从“一休哥”到一休禅师”", "organizer": "武汉大学", "introduction": "那部伴随一代人成长，成为很多人的童年记忆的动画《聪明的一休》，你是否看过呢？　　那首耳熟能详的主题曲，“格叽格叽格叽格叽格叽格叽，我们爱你；格叽格叽格叽格叽格叽格叽，聪明伶俐。”你是否听过呢？　　动画中的机灵俏皮的人物一休和尚，你又是否了解他的原型呢？本次讲座将结合日本学姐关于一休的研究成果，以及报告者本人在日本所进行的实地考察情况，对于作为历史人物的一休进行介绍，试图还一休一个真实面目。"}]